Account name,Account IBAN,Counteraccount IBAN,Transaction date,Amount,Currency,Detail
Yetta,BE58050146185085,BE08680538497167,Wed Apr 29 06:51:24 CEST 2020,2665.9,EUR,Quo animi voluptatem.
Yetta,BE58050146185085,BE29383262349439,Fri Apr 17 22:50:58 CEST 2020,1957.37,EUR,Quia facere eaque aut repudiandae.
Yetta,BE58050146185085,BE11892212035823,Wed Apr 29 09:08:38 CEST 2020,925.89,EUR,Est mollitia doloribus quis necessitatibus est fugiat.
Terri,BE29445729949896,BE60874486239130,Mon Apr 27 04:03:34 CEST 2020,3825.21,EUR,In debitis commodi officiis vel.
Hubert,BE95039661937964,BE89431363165132,Mon Apr 20 21:21:14 CEST 2020,-4257.22,EUR,Sed quia ipsa qui.
Hubert,BE95039661937964,BE36930235586942,Thu Apr 30 14:18:03 CEST 2020,-1903.88,EUR,Fuga ipsa eos facilis quo odit aut.
Hubert,BE95039661937964,BE03674928756494,Sat Apr 18 01:19:38 CEST 2020,1855.27,EUR,Omnis odit aut et cupiditate quisquam et est.
Bryan,BE93734660086502,BE92003113807568,Mon Apr 27 01:12:37 CEST 2020,-703.3,EUR,Et et iste.
Bryan,BE93734660086502,BE52285834189376,Mon Apr 27 03:11:04 CEST 2020,-3308.76,EUR,Est amet similique et esse.
Bryan,BE93734660086502,BE34255677652411,Sat May 02 07:33:55 CEST 2020,4331.31,EUR,In sint consectetur blanditiis.
Bryan,BE93734660086502,BE48555373083299,Sat May 02 05:00:48 CEST 2020,-4841.76,EUR,Voluptatem enim incidunt aspernatur id quia quia.
Bryan,BE93734660086502,BE47654499866420,Thu Apr 23 04:45:31 CEST 2020,-1083.57,EUR,Ut quibusdam architecto sint assumenda ut delectus rerum.
Bryan,BE93734660086502,BE78000970759466,Sat May 02 16:44:04 CEST 2020,4440.1,EUR,Ipsa dolore ea architecto aliquam.
Bryan,BE93734660086502,BE78607682223968,Sat May 02 13:39:47 CEST 2020,1360.65,EUR,Molestiae laboriosam aut quisquam voluptas est.
Bryan,BE93734660086502,BE76515413302586,Sat May 02 10:20:35 CEST 2020,-2651.06,EUR,Quo voluptatibus quis optio quas.
Bryan,BE93734660086502,BE67286589675740,Wed Apr 29 04:00:08 CEST 2020,-1364.07,EUR,Numquam dignissimos quisquam consequuntur labore.
Bryan,BE93734660086502,BE98148183877755,Thu Apr 23 22:01:26 CEST 2020,4768.52,EUR,Aliquid saepe quo.
Willian,BE46568335193723,BE46657740447870,Fri May 01 04:38:13 CEST 2020,-1583.33,EUR,Est est aliquid enim quas hic perferendis.
Willian,BE46568335193723,BE23208403645212,Fri Apr 24 10:24:29 CEST 2020,275.47,EUR,Alias facere repellat.
Willian,BE46568335193723,BE61624525949324,Thu Apr 30 06:13:36 CEST 2020,-4787.65,EUR,Id totam rerum omnis occaecati libero.
Kelvin,BE62976235887744,BE95998508024946,Fri Apr 24 00:55:31 CEST 2020,-3618.34,EUR,Rerum et cumque.
Kelvin,BE62976235887744,BE96147041336422,Tue Apr 14 00:24:22 CEST 2020,3538.65,EUR,Qui officiis error autem accusamus quo.
Kelvin,BE62976235887744,BE45647417618454,Thu Apr 30 06:11:20 CEST 2020,2727.23,EUR,Repudiandae id voluptatem reprehenderit et ullam blanditiis.
Kelvin,BE62976235887744,BE43177303937763,Mon Apr 13 10:05:16 CEST 2020,2750.99,EUR,Dolorem ducimus necessitatibus ducimus labore sed.
Kelvin,BE62976235887744,BE66116786750327,Wed Apr 29 00:31:33 CEST 2020,-3743.65,EUR,Debitis et sint repellendus sit ratione id.
Kelvin,BE62976235887744,BE21385893723388,Fri Apr 24 21:29:29 CEST 2020,3692.93,EUR,Id fugiat id occaecati tenetur et at sequi.
Kelvin,BE62976235887744,BE58259780761194,Mon Apr 13 11:59:13 CEST 2020,-3709.94,EUR,Explicabo consequatur accusantium enim quisquam eligendi minima.
Kelvin,BE62976235887744,BE46876614576619,Fri Apr 24 18:04:25 CEST 2020,-655.59,EUR,Voluptatem et numquam sed quos sapiente itaque.
Shanelle,BE48172505212649,BE17766189489924,Mon Apr 13 03:11:31 CEST 2020,301.51,EUR,Voluptate enim tempora deserunt iure.
Shanelle,BE48172505212649,BE14596266725509,Fri May 01 15:04:24 CEST 2020,1387.37,EUR,Quasi laborum nisi.
Shanelle,BE48172505212649,BE80049292286608,Sat Apr 04 09:01:16 CEST 2020,1197.73,EUR,Rerum assumenda enim adipisci nihil voluptatem omnis sapiente.
Shanelle,BE48172505212649,BE90947676377836,Sat Apr 11 16:16:48 CEST 2020,3033.93,EUR,Optio temporibus quo ab.
Shanelle,BE48172505212649,BE78259263989260,Sat May 02 16:01:21 CEST 2020,279.26,EUR,Sint assumenda ratione.
Shanelle,BE48172505212649,BE03926900250587,Wed Apr 29 08:44:31 CEST 2020,-3829.07,EUR,Praesentium consequatur aut.
Shanelle,BE48172505212649,BE35004356659506,Mon Apr 27 17:12:15 CEST 2020,3829.88,EUR,Quia similique libero.
Shanelle,BE48172505212649,BE97807610641399,Fri Apr 10 19:57:14 CEST 2020,-2084.57,EUR,Nobis iste nihil corporis.
Shanelle,BE48172505212649,BE45609149572565,Sat May 02 13:16:18 CEST 2020,4756.68,EUR,Porro culpa aliquid corporis nihil neque odit neque.
Doris,BE08268884428986,BE75193957297312,Tue Apr 14 15:52:35 CEST 2020,-2427.65,EUR,Modi velit aut ratione itaque enim et reprehenderit.
Doris,BE08268884428986,BE21680567707125,Sun Apr 26 09:18:59 CEST 2020,-1116.33,EUR,Occaecati laboriosam asperiores voluptatem.
Doris,BE08268884428986,BE38631024074216,Thu Apr 23 03:42:09 CEST 2020,184.46,EUR,Illum blanditiis ut quia.
Doris,BE08268884428986,BE66315679081806,Thu Apr 30 21:39:59 CEST 2020,1786.63,EUR,Dolor et aliquam veniam quo quasi minus ratione.
Manual,BE63396145493649,BE65321525112065,Sat May 02 14:53:40 CEST 2020,1245.0,EUR,Quo ut quibusdam porro laborum sequi.
Manual,BE63396145493649,BE67060930820105,Tue Apr 28 12:05:37 CEST 2020,-2683.38,EUR,Sit iure eligendi a nihil commodi assumenda cumque.
Krystle,BE13637089064268,BE79040386998993,Sat May 02 10:41:35 CEST 2020,-3983.16,EUR,Eos quia enim sint sunt.
Krystle,BE13637089064268,BE35705554789406,Mon Apr 27 09:19:45 CEST 2020,-3548.58,EUR,Facere quae sunt eum.
Krystle,BE13637089064268,BE64559327294025,Fri Apr 24 07:55:10 CEST 2020,1949.12,EUR,Veritatis distinctio atque assumenda.
Krystle,BE13637089064268,BE21933678488916,Sun Apr 26 16:12:45 CEST 2020,-184.46,EUR,Tempora reprehenderit voluptas.
Charlie,BE14833840262058,BE21599656350613,Tue Apr 28 21:50:56 CEST 2020,-4078.37,EUR,Voluptatem molestiae eaque omnis et.
Charlie,BE14833840262058,BE72058512228417,Mon Apr 27 04:00:56 CEST 2020,-2549.31,EUR,Alias nemo aliquam perspiciatis architecto nisi architecto magni.
Charlie,BE14833840262058,BE94339309378372,Sat May 02 21:04:03 CEST 2020,-3749.02,EUR,Corrupti similique dolore tempore sequi voluptate.
Charlie,BE14833840262058,BE90781059076256,Thu Apr 30 23:27:51 CEST 2020,-2084.41,EUR,Eum reprehenderit voluptatem laudantium harum qui quo.
Charlie,BE14833840262058,BE74800808771147,Tue Apr 21 15:17:55 CEST 2020,-3645.31,EUR,Autem ipsum sequi.
Charlie,BE14833840262058,BE91252205251981,Sat Apr 11 07:07:35 CEST 2020,4004.1,EUR,Molestias est possimus esse unde.
Gene,BE36871300023235,BE16044296782037,Sun Apr 19 05:47:15 CEST 2020,-1891.36,EUR,Quo at excepturi.
Gene,BE36871300023235,BE12125823357920,Thu Apr 23 12:56:11 CEST 2020,-4759.43,EUR,Consequatur sed occaecati voluptatem.
Gene,BE36871300023235,BE50787742906596,Fri May 01 18:40:38 CEST 2020,2603.44,EUR,Aut aliquid inventore inventore vero et.
Gene,BE36871300023235,BE30991715515368,Sat Apr 11 13:00:18 CEST 2020,-3509.93,EUR,Laudantium rem velit rerum.
Gene,BE36871300023235,BE10320870546094,Mon Apr 20 23:58:13 CEST 2020,-4507.31,EUR,Reiciendis incidunt omnis quas qui quo quos.
Fredric,BE81787327305949,BE27454919421957,Fri May 01 02:51:34 CEST 2020,1944.45,EUR,Est est dolor beatae.
Fredric,BE81787327305949,BE39909121694664,Sat May 02 15:30:40 CEST 2020,-1413.32,EUR,Voluptatem velit autem expedita deserunt.
Fredric,BE81787327305949,BE12038711176983,Sun Apr 12 14:08:21 CEST 2020,-1049.85,EUR,Maiores earum voluptas.
Fredric,BE81787327305949,BE94718622823993,Tue Apr 28 08:34:12 CEST 2020,4957.3,EUR,Adipisci in voluptatum.
Fredric,BE81787327305949,BE29924180319097,Thu Apr 23 03:56:14 CEST 2020,268.4,EUR,Laborum beatae odio.
Fredric,BE81787327305949,BE94230236556127,Fri Apr 24 22:37:18 CEST 2020,-2166.86,EUR,Ipsum molestias assumenda autem.
Fredric,BE81787327305949,BE71242738064175,Wed Apr 29 07:27:17 CEST 2020,-1186.63,EUR,Unde veritatis quia fugit aut eligendi.
Fredric,BE81787327305949,BE76026867230615,Sat Apr 25 03:33:37 CEST 2020,4780.75,EUR,Vel ut velit eligendi.
Isaac,BE69049821620171,BE52561196098666,Fri May 01 03:52:26 CEST 2020,-3901.42,EUR,Et vel ut minima.
Keneth,BE27226669222768,BE36540491238464,Wed Apr 22 03:10:40 CEST 2020,-2551.25,EUR,Quis ut saepe expedita tempore.
Keneth,BE27226669222768,BE27274352353176,Sun Apr 26 14:04:01 CEST 2020,-441.93,EUR,Nesciunt non qui asperiores qui.
Keneth,BE27226669222768,BE81618365162453,Thu Apr 30 04:29:53 CEST 2020,-1533.62,EUR,Ex quia itaque.
Keneth,BE27226669222768,BE79975372555428,Fri Apr 24 07:16:52 CEST 2020,1375.28,EUR,Aspernatur dignissimos molestias et ea ut eaque sunt.
Keneth,BE27226669222768,BE76988397835180,Tue Apr 28 18:54:39 CEST 2020,-2451.96,EUR,Excepturi voluptates perspiciatis et.
Keneth,BE27226669222768,BE24093604779380,Thu Apr 30 17:01:58 CEST 2020,-2799.85,EUR,Nam qui reprehenderit distinctio excepturi.
Keneth,BE27226669222768,BE94885902544296,Sat May 02 07:30:24 CEST 2020,1002.49,EUR,Voluptatem incidunt molestiae.
Nick,BE52546725941500,BE10513594273735,Sat May 02 03:45:46 CEST 2020,-3296.19,EUR,Ea exercitationem possimus repellat pariatur sunt consequatur qui.
Nick,BE52546725941500,BE30671751582894,Sat May 02 19:06:36 CEST 2020,4228.66,EUR,Non magni id incidunt sed.
Nick,BE52546725941500,BE41970422019589,Fri Apr 17 05:11:51 CEST 2020,-3393.79,EUR,Reprehenderit fugit enim officia rerum rerum quo modi.
Nick,BE52546725941500,BE56125882620733,Sat May 02 05:55:24 CEST 2020,-4587.91,EUR,Quidem alias quaerat similique rerum ut itaque dolores.
Nick,BE52546725941500,BE66165690306508,Sat May 02 10:53:54 CEST 2020,-4421.12,EUR,Illo numquam autem.
Isreal,BE80895217865925,BE17301458856498,Sat Apr 18 21:28:53 CEST 2020,-4643.75,EUR,Repellat enim soluta inventore voluptatem debitis autem.
Isreal,BE80895217865925,BE65844547605364,Mon Apr 20 01:00:30 CEST 2020,2434.52,EUR,Laboriosam alias quia odit dolores.
Isreal,BE80895217865925,BE59331794979413,Wed Apr 15 04:16:45 CEST 2020,-4978.73,EUR,Consequatur dolores qui.
Isreal,BE80895217865925,BE17867529731935,Sat May 02 00:50:32 CEST 2020,-3289.8,EUR,Repellendus velit est.
Rickie,BE91727297969383,BE30986353266904,Sat Apr 25 15:11:17 CEST 2020,-4431.95,EUR,Omnis amet dolores distinctio magnam.
Rickie,BE91727297969383,BE42650140777884,Fri May 01 10:06:57 CEST 2020,130.15,EUR,Aut dicta quia quisquam ea.
Rickie,BE91727297969383,BE74602560190450,Tue Apr 21 07:20:33 CEST 2020,3672.24,EUR,Commodi veniam aspernatur consectetur.
Rickie,BE91727297969383,BE41625141337860,Sat Apr 25 22:30:50 CEST 2020,-4021.39,EUR,Odit modi magni cupiditate officia corporis.
Rickie,BE91727297969383,BE85762882927286,Thu Apr 23 09:48:56 CEST 2020,195.91,EUR,Nihil vero molestiae nostrum sit aut.
Graham,BE57198112576943,BE97925095757119,Thu Apr 09 07:37:09 CEST 2020,4133.02,EUR,Exercitationem necessitatibus delectus quod in voluptas iste.
Graham,BE57198112576943,BE25827205042820,Fri Apr 24 05:28:29 CEST 2020,2454.27,EUR,Aut est quaerat officiis.
Graham,BE57198112576943,BE63693047378333,Wed Apr 22 03:23:20 CEST 2020,-4692.88,EUR,Adipisci tempora deleniti architecto cupiditate tenetur.
Graham,BE57198112576943,BE47628109578104,Thu Apr 30 00:05:03 CEST 2020,-1943.15,EUR,Debitis quibusdam sit fuga.
Graham,BE57198112576943,BE59927549474556,Sat May 02 11:50:33 CEST 2020,-4566.59,EUR,Error placeat sunt.
Graham,BE57198112576943,BE88383163837117,Tue Apr 14 23:16:10 CEST 2020,-891.15,EUR,Aliquam illum dolorem.
Graham,BE57198112576943,BE13120190271082,Mon Apr 27 15:55:38 CEST 2020,2189.98,EUR,Commodi cupiditate sunt repellat placeat totam corporis placeat.
Graham,BE57198112576943,BE57905426234027,Fri May 01 15:25:15 CEST 2020,-3495.62,EUR,Eaque architecto dolore natus.
Latarsha,BE19471360214583,BE31766031399848,Thu Apr 16 02:45:59 CEST 2020,3309.48,EUR,Quidem tempore ex.
Latarsha,BE19471360214583,BE17879906657910,Mon Apr 27 23:23:38 CEST 2020,-4090.03,EUR,Minus est nesciunt ipsum cum.
Latarsha,BE19471360214583,BE95160537050715,Thu Apr 30 10:05:30 CEST 2020,2727.8,EUR,Magni eos praesentium est necessitatibus sed.
Latarsha,BE19471360214583,BE22588672623398,Thu Apr 30 18:45:17 CEST 2020,79.49,EUR,Officiis exercitationem repudiandae qui rerum.
Erlene,BE27922793130766,BE43503760186937,Tue Apr 28 00:17:23 CEST 2020,-1004.77,EUR,Esse ea veritatis nisi quo sint et.
Erlene,BE27922793130766,BE42406236150566,Thu Apr 23 03:00:51 CEST 2020,-1758.54,EUR,Architecto atque itaque earum voluptates ut.
Erlene,BE27922793130766,BE82753280407975,Sat May 02 00:19:19 CEST 2020,-2056.22,EUR,Itaque est neque aliquid ducimus suscipit aliquam et.
Erlene,BE27922793130766,BE13396219342298,Sat Apr 25 20:49:07 CEST 2020,-1718.27,EUR,Harum sequi sed.
Erlene,BE27922793130766,BE96888566059015,Mon Apr 20 22:19:46 CEST 2020,-1997.47,EUR,Harum nam dolorem.
Erlene,BE27922793130766,BE78608906333898,Fri Apr 24 17:18:27 CEST 2020,4416.02,EUR,Esse facilis autem et accusamus.
Erlene,BE27922793130766,BE70592642731363,Sat Apr 25 10:47:18 CEST 2020,702.02,EUR,Laudantium est rerum sunt nobis.
Erlene,BE27922793130766,BE33534533196266,Thu Apr 16 22:57:43 CEST 2020,-2657.18,EUR,Fuga adipisci vel eveniet.
Erlene,BE27922793130766,BE60886873626167,Fri May 01 16:18:57 CEST 2020,1487.7,EUR,Provident assumenda unde ipsa dicta recusandae.
Erlene,BE27922793130766,BE71593828034485,Sat Apr 25 20:57:26 CEST 2020,4803.58,EUR,Ipsum eos doloremque distinctio iure.
Adolfo,BE85142152715488,BE17289641856621,Fri Apr 17 12:04:17 CEST 2020,1061.39,EUR,Accusantium repellat necessitatibus at ut molestias omnis modi.
Adolfo,BE85142152715488,BE50548910309368,Wed Apr 29 07:11:21 CEST 2020,-4479.36,EUR,Modi veniam voluptatem et quo consequatur.
Adolfo,BE85142152715488,BE55182881397389,Thu Apr 30 23:23:47 CEST 2020,2809.36,EUR,Minima iste velit rem vero tempore consequatur et.
Kirby,BE50293175645373,BE39562679353739,Sat May 02 01:48:02 CEST 2020,3567.77,EUR,Voluptatibus provident id distinctio repudiandae ratione.
Kirby,BE50293175645373,BE93500746370914,Mon Apr 13 13:50:02 CEST 2020,-4424.97,EUR,Omnis voluptatum accusamus omnis adipisci hic.
Kirby,BE50293175645373,BE51262128912391,Sat Apr 18 10:59:49 CEST 2020,-1767.7,EUR,Aut quis fugit harum alias.
Kirby,BE50293175645373,BE83883883743731,Fri May 01 03:40:46 CEST 2020,3071.48,EUR,Fugiat sunt magni facilis facilis.
Kirby,BE50293175645373,BE25653583880102,Sun Apr 19 23:51:57 CEST 2020,-2052.94,EUR,Beatae earum voluptas odit consequatur.
Miesha,BE11959564259169,BE44578566649969,Fri Apr 24 14:05:47 CEST 2020,2914.62,EUR,Rerum deserunt est est enim est id.
Miesha,BE11959564259169,BE82271084311800,Fri May 01 16:03:17 CEST 2020,1141.13,EUR,Perspiciatis velit placeat in aut voluptatem.
Takisha,BE56505236445902,BE85152248630979,Thu Apr 30 06:09:47 CEST 2020,-565.92,EUR,Ducimus voluptates quas explicabo iusto.
Takisha,BE56505236445902,BE73697784044420,Thu Apr 30 17:10:41 CEST 2020,-2018.19,EUR,Mollitia repellendus quo blanditiis odit corrupti accusantium.
Takisha,BE56505236445902,BE93818796852870,Sat May 02 14:34:03 CEST 2020,4365.37,EUR,Quasi pariatur molestiae at atque harum neque ipsa.
Takisha,BE56505236445902,BE20536728125401,Wed Apr 15 12:45:31 CEST 2020,1349.97,EUR,Ratione veniam sed iure quia sit.
Takisha,BE56505236445902,BE38193030758149,Mon Apr 27 01:26:37 CEST 2020,1690.56,EUR,Nemo unde sit.
Otha,BE04635486614245,BE30725033573672,Fri Apr 24 10:41:19 CEST 2020,392.76,EUR,Ad quam molestiae deserunt voluptates.
Otha,BE04635486614245,BE48196306961972,Tue Apr 28 23:59:03 CEST 2020,1938.96,EUR,Et et qui nihil qui et.
Otha,BE04635486614245,BE94582944231036,Tue Apr 21 19:06:05 CEST 2020,-3585.07,EUR,Mollitia distinctio dolor aut sed voluptatem.
Otha,BE04635486614245,BE33234253379993,Mon Apr 06 18:36:59 CEST 2020,1813.75,EUR,Culpa consequatur quam eligendi dolorem.
Casey,BE06573538548371,BE30318947868964,Sat Apr 11 17:58:22 CEST 2020,-1782.17,EUR,Omnis aperiam esse quia eum a vel praesentium.
Casey,BE06573538548371,BE67528629991867,Sun Apr 26 22:47:54 CEST 2020,4101.14,EUR,Vitae consequatur autem.
Casey,BE06573538548371,BE26150853669900,Wed Apr 29 14:03:39 CEST 2020,1797.07,EUR,Ex est sit totam porro quas quos voluptas.
Casey,BE06573538548371,BE12341427529369,Fri Apr 24 13:22:11 CEST 2020,-3237.25,EUR,Ab sed quibusdam quia aliquam.
Casey,BE06573538548371,BE92083464344709,Thu Apr 23 07:12:44 CEST 2020,1334.31,EUR,Necessitatibus voluptate nihil expedita ut aspernatur expedita.
Casey,BE06573538548371,BE73663944654587,Wed Apr 22 23:58:17 CEST 2020,-221.78,EUR,Nostrum alias aut et omnis animi inventore.
Casey,BE06573538548371,BE02113657754773,Fri Apr 24 20:43:40 CEST 2020,1232.88,EUR,Eius consectetur corporis rerum.
Casey,BE06573538548371,BE12102644712735,Thu Apr 30 16:15:28 CEST 2020,-4246.93,EUR,Ut architecto minima reiciendis eligendi dolores fugit.
Casey,BE06573538548371,BE89196743455317,Mon Apr 20 22:36:11 CEST 2020,-4637.79,EUR,Sapiente nisi nisi.
Margaretta,BE45239866305826,BE24443919430727,Sat Apr 18 19:07:06 CEST 2020,2131.28,EUR,Cupiditate temporibus dicta voluptatum necessitatibus autem.
Ira,BE72856983384896,BE37103703496191,Tue Apr 21 03:27:24 CEST 2020,-3846.11,EUR,Expedita at soluta voluptatem.
Ira,BE72856983384896,BE81460325283656,Wed Apr 29 07:01:01 CEST 2020,-3299.61,EUR,Culpa deserunt et incidunt doloremque sit tenetur.
Ira,BE72856983384896,BE20993079773406,Mon Apr 20 06:56:55 CEST 2020,2765.86,EUR,Et adipisci qui dolorem.
Ira,BE72856983384896,BE94166375253656,Wed Apr 29 09:01:23 CEST 2020,-870.62,EUR,Corrupti sed aliquam.
Ira,BE72856983384896,BE90165492701265,Tue Apr 28 14:52:45 CEST 2020,-3149.83,EUR,Animi ducimus inventore quia quas enim.
Hipolito,BE25666033137619,BE31997738819881,Sat Apr 25 21:13:47 CEST 2020,-3813.11,EUR,Ipsa quam cum nemo fugiat.
Hipolito,BE25666033137619,BE50793301388776,Thu Apr 30 10:25:54 CEST 2020,-205.43,EUR,Qui officia sit voluptas perspiciatis totam rerum ratione.
Hipolito,BE25666033137619,BE73637375820311,Sat Apr 25 04:21:57 CEST 2020,727.55,EUR,Nostrum sint odio accusantium.
Hipolito,BE25666033137619,BE96276587520315,Thu Apr 16 00:15:04 CEST 2020,359.82,EUR,Ipsa ea adipisci facere.
Hipolito,BE25666033137619,BE25032917573165,Sat May 02 08:06:11 CEST 2020,-3130.46,EUR,Suscipit facere est hic cum ratione ex.
Hipolito,BE25666033137619,BE48779372057183,Wed Apr 29 02:08:42 CEST 2020,-1888.06,EUR,Excepturi quae sequi provident ut eos aut dolorem.
Hipolito,BE25666033137619,BE14287898994625,Wed Apr 29 02:21:06 CEST 2020,442.81,EUR,Sed earum est consectetur occaecati harum ut consequatur.
Hipolito,BE25666033137619,BE40185652893978,Sat May 02 10:22:37 CEST 2020,3576.22,EUR,Commodi necessitatibus quam modi quis.
Hipolito,BE25666033137619,BE56428712597076,Sat Apr 18 14:24:26 CEST 2020,4462.51,EUR,Voluptates quis aut non dignissimos provident.
Hipolito,BE25666033137619,BE72792882864129,Wed Apr 22 05:30:08 CEST 2020,-6.37,EUR,Molestiae et quam.
Florentino,BE46221767800495,BE26189349773071,Fri May 01 04:18:44 CEST 2020,-4056.02,EUR,Quia vero nobis veritatis et cupiditate voluptatem.
Florentino,BE46221767800495,BE43778263708501,Fri May 01 05:33:44 CEST 2020,2798.6,EUR,Quasi veniam minus.
Florentino,BE46221767800495,BE45910283086905,Wed Apr 22 08:38:59 CEST 2020,2137.2,EUR,Facilis possimus cum debitis dolor quia eius perferendis.
Florentino,BE46221767800495,BE10567186686144,Tue Apr 21 03:37:56 CEST 2020,4288.68,EUR,Laboriosam ipsam cumque.
Florentino,BE46221767800495,BE21318555265700,Fri Apr 17 11:53:29 CEST 2020,-2126.82,EUR,Sapiente iste eos aut magni ut.
Florentino,BE46221767800495,BE73851303251215,Mon Apr 20 19:08:05 CEST 2020,2882.46,EUR,Quaerat maiores iusto.
Florentino,BE46221767800495,BE65103697503706,Fri Apr 24 13:16:06 CEST 2020,2314.96,EUR,Tenetur aut vitae harum.
Florentino,BE46221767800495,BE19997159308341,Fri May 01 11:48:50 CEST 2020,-4714.27,EUR,Est et quod.
Florentino,BE46221767800495,BE74414207628032,Sun Apr 19 07:27:34 CEST 2020,-3216.93,EUR,Delectus vitae qui rem aut ducimus.
Bong,BE96198979919492,BE22097981740583,Fri Apr 24 11:37:36 CEST 2020,-2034.58,EUR,Architecto maxime molestias placeat.
Bong,BE96198979919492,BE90873576652324,Tue Apr 21 10:37:28 CEST 2020,-1319.1,EUR,Consequatur reprehenderit rem et nemo nihil et animi.
Bong,BE96198979919492,BE57187229882424,Fri Apr 24 02:22:05 CEST 2020,2876.45,EUR,Occaecati ad vel deserunt quia quis quod.
Bong,BE96198979919492,BE84932883271112,Sun Apr 26 20:51:00 CEST 2020,2633.56,EUR,Facilis quia deserunt sit nostrum.
Bong,BE96198979919492,BE65011585566894,Mon Apr 06 10:17:07 CEST 2020,4803.26,EUR,Voluptate architecto ut alias nulla et.
Bong,BE96198979919492,BE29961592673278,Sat May 02 03:09:56 CEST 2020,3653.08,EUR,Alias eum dolorem cupiditate exercitationem aut aut nihil.
Bong,BE96198979919492,BE85792303214302,Sun Apr 26 17:20:36 CEST 2020,-783.69,EUR,Occaecati natus tenetur cumque.
Bong,BE96198979919492,BE24378040908011,Thu Apr 23 21:00:10 CEST 2020,-4017.81,EUR,In cum et exercitationem nobis.
Bong,BE96198979919492,BE97991469032312,Tue Apr 28 07:29:52 CEST 2020,-4646.99,EUR,Et et dolorem.
Nicolle,BE51030937140769,BE87712145748544,Sun Apr 19 06:41:25 CEST 2020,4930.25,EUR,Qui numquam nihil.
Nicolle,BE51030937140769,BE36155583719520,Sun Apr 26 15:41:41 CEST 2020,4757.58,EUR,Saepe exercitationem vel tempore facere.
Nicolle,BE51030937140769,BE36671032048717,Sun Apr 19 16:38:01 CEST 2020,-1046.44,EUR,Optio amet aspernatur sit.
Willetta,BE28959246932093,BE37823528046823,Fri May 01 05:16:02 CEST 2020,3808.53,EUR,Dolorem corrupti est repellat vitae nihil.
Willetta,BE28959246932093,BE56173115772506,Sun Apr 26 08:44:44 CEST 2020,403.09,EUR,Pariatur qui quia.
Willetta,BE28959246932093,BE94562581768712,Wed Apr 29 07:57:31 CEST 2020,2094.36,EUR,In quos ex qui.
Willetta,BE28959246932093,BE73184678180736,Fri Apr 17 03:12:47 CEST 2020,483.67,EUR,Ut assumenda sit.
Willetta,BE28959246932093,BE90337158153572,Wed Apr 29 23:12:27 CEST 2020,692.7,EUR,Nam ut at rem qui facere rerum consequuntur.
Willetta,BE28959246932093,BE07498478950417,Thu Apr 23 04:09:00 CEST 2020,4828.33,EUR,Deserunt et molestiae tenetur sint assumenda eligendi qui.
Halley,BE83132687706851,BE26593049565578,Sat May 02 17:48:31 CEST 2020,-2850.83,EUR,Omnis quisquam et perferendis libero soluta corrupti est.
Kamala,BE46172554753010,BE34769437102386,Fri May 01 03:25:24 CEST 2020,3192.76,EUR,Minus aliquid iste.
Kamala,BE46172554753010,BE42431058927127,Sun Apr 12 14:05:28 CEST 2020,2604.14,EUR,Labore eos in consequatur quia.
Kamala,BE46172554753010,BE50665310945009,Tue Apr 14 09:51:47 CEST 2020,-4393.8,EUR,Exercitationem asperiores distinctio aperiam et ut.
Kamala,BE46172554753010,BE81510594459963,Thu Apr 09 19:20:00 CEST 2020,-233.35,EUR,Pariatur ullam aut excepturi quisquam excepturi.
Kamala,BE46172554753010,BE14996254907494,Mon Apr 27 05:38:42 CEST 2020,4782.19,EUR,Aliquam ipsa est non qui totam libero ipsam.
Kamala,BE46172554753010,BE79689553919456,Wed Apr 22 14:01:47 CEST 2020,4148.86,EUR,Eaque corrupti excepturi occaecati amet itaque porro et.
Kamala,BE46172554753010,BE64466879917342,Tue Apr 28 15:07:59 CEST 2020,4352.72,EUR,Voluptatum ipsam id necessitatibus velit iste.
Kamala,BE46172554753010,BE83021663359066,Sat May 02 16:54:12 CEST 2020,1401.17,EUR,Enim pariatur et esse ipsum.
Kamala,BE46172554753010,BE87568970219587,Fri Apr 24 11:36:06 CEST 2020,-1366.22,EUR,Quis voluptatem qui vel voluptas laudantium mollitia saepe.
Kamala,BE46172554753010,BE30788179160479,Sun Apr 26 05:38:07 CEST 2020,714.3,EUR,Enim accusamus sed iure.
Kathyrn,BE73152895105446,BE08488859931916,Fri Apr 24 19:32:26 CEST 2020,1744.17,EUR,Est harum dolorem accusamus corrupti.
Kathyrn,BE73152895105446,BE20966147332787,Wed Apr 15 00:28:01 CEST 2020,1432.69,EUR,Ipsam laboriosam nobis et provident.
Kathyrn,BE73152895105446,BE31863195225573,Thu Apr 23 10:33:16 CEST 2020,3480.5,EUR,Suscipit beatae sit.
Kathyrn,BE73152895105446,BE83703369238474,Fri Apr 24 12:43:23 CEST 2020,-4301.37,EUR,Fugit quis quibusdam itaque voluptatem mollitia eaque.
Kathyrn,BE73152895105446,BE98270020346642,Tue Apr 14 05:39:37 CEST 2020,-2443.17,EUR,Id quia repellendus beatae eaque odit mollitia.
Kathyrn,BE73152895105446,BE78781202230139,Sun Apr 19 04:14:26 CEST 2020,3904.91,EUR,Tempora velit dolor hic numquam et.
Kathyrn,BE73152895105446,BE59819567435741,Wed Apr 22 18:24:56 CEST 2020,-3903.15,EUR,Ab soluta odit asperiores.
Kathyrn,BE73152895105446,BE02354122044097,Thu Apr 30 11:04:39 CEST 2020,-941.06,EUR,Modi cumque doloremque.
Kathyrn,BE73152895105446,BE79052177426787,Thu Apr 30 20:03:36 CEST 2020,-2471.18,EUR,Quia magni ea repellat quidem.
Kathyrn,BE73152895105446,BE75515038619928,Sat May 02 17:28:57 CEST 2020,3301.3,EUR,Esse maxime qui.
August,BE87597815925066,BE21570713626995,Wed Apr 22 16:57:44 CEST 2020,828.76,EUR,Enim nobis aliquam magnam.
August,BE87597815925066,BE22137443868015,Fri May 01 03:19:01 CEST 2020,3139.29,EUR,Dolorum aut minima ut alias ea.
August,BE87597815925066,BE97836344671457,Thu Apr 09 19:07:42 CEST 2020,338.15,EUR,Eum quia tempore dolores a.
August,BE87597815925066,BE48139270887379,Sat May 02 05:05:28 CEST 2020,-447.34,EUR,Quisquam beatae molestias molestias quia veniam pariatur.
August,BE87597815925066,BE95505178372949,Fri May 01 16:37:39 CEST 2020,3376.17,EUR,Aut et quia et est at distinctio et.
August,BE87597815925066,BE36822027011320,Wed Apr 29 15:17:15 CEST 2020,-1374.23,EUR,Ipsam temporibus animi eum beatae harum aut consequatur.
August,BE87597815925066,BE95033014510601,Sun Apr 12 10:26:12 CEST 2020,2524.29,EUR,Voluptas porro dolorem alias.
August,BE87597815925066,BE08114664765112,Sun Apr 12 08:58:10 CEST 2020,-277.22,EUR,Praesentium aut dolore aspernatur et voluptate.
August,BE87597815925066,BE61715046607150,Wed Apr 29 21:36:21 CEST 2020,-1294.57,EUR,Et possimus consequatur beatae sunt sit.
January,BE54132351922279,BE45753940205648,Sun Apr 12 03:52:12 CEST 2020,1876.48,EUR,Vitae in reiciendis ratione debitis.
January,BE54132351922279,BE70351736408092,Wed Apr 29 23:29:09 CEST 2020,-4375.34,EUR,Ea cum deleniti.
January,BE54132351922279,BE86701405839013,Sun Apr 26 12:48:18 CEST 2020,-2487.43,EUR,Sapiente aut officiis possimus cum.
January,BE54132351922279,BE73983461288439,Thu Apr 09 10:14:01 CEST 2020,-4376.71,EUR,Repellendus voluptatem in et.
January,BE54132351922279,BE32930301402387,Mon Apr 13 02:35:41 CEST 2020,3912.92,EUR,Rerum hic quae.
January,BE54132351922279,BE23096910367708,Thu Apr 30 18:25:26 CEST 2020,-2849.06,EUR,Delectus deleniti aperiam.
Glady,BE13293828592809,BE75364335909983,Sat Apr 25 19:35:58 CEST 2020,2288.56,EUR,Qui veniam recusandae explicabo voluptates porro.
Glady,BE13293828592809,BE11711536488062,Sun Apr 12 16:32:39 CEST 2020,113.71,EUR,Labore omnis est cumque.
Glady,BE13293828592809,BE14282709266384,Thu Apr 30 21:29:22 CEST 2020,56.54,EUR,Dolorum nihil unde.
Glady,BE13293828592809,BE23937732371565,Thu Apr 30 06:06:30 CEST 2020,-4130.35,EUR,Eveniet occaecati ut commodi ea perspiciatis ut.
Glady,BE13293828592809,BE25942084204264,Mon Apr 27 21:05:20 CEST 2020,-751.29,EUR,Culpa sed earum ut deleniti sapiente et.
Glady,BE13293828592809,BE87305533367980,Thu Apr 09 05:25:59 CEST 2020,-4683.04,EUR,Voluptas quasi rerum quis tenetur quos assumenda.
Glady,BE13293828592809,BE06937302237011,Sun Apr 19 17:44:42 CEST 2020,2585.69,EUR,Nisi et et quidem dolores sed.
Glady,BE13293828592809,BE44167531383879,Wed Apr 22 16:10:13 CEST 2020,-3748.92,EUR,Sint est asperiores.
Jesenia,BE56541930423224,BE10328976180568,Fri Apr 24 02:56:32 CEST 2020,-3400.1,EUR,Quis quae assumenda excepturi quia adipisci soluta cum.
Jesenia,BE56541930423224,BE75506202017316,Wed Apr 15 05:03:36 CEST 2020,1288.73,EUR,Quod mollitia nihil quas.
Jesenia,BE56541930423224,BE81897111056423,Sat May 02 10:05:19 CEST 2020,915.09,EUR,In iste nostrum eos.
Jesenia,BE56541930423224,BE30214497035900,Thu Apr 30 09:40:33 CEST 2020,156.44,EUR,Voluptas repudiandae quis reiciendis.
Jesenia,BE56541930423224,BE72154122456649,Mon Apr 27 16:55:46 CEST 2020,-456.68,EUR,Quibusdam velit nobis expedita nulla doloremque.
Christin,BE12085698822920,BE51128684097902,Fri May 01 12:15:03 CEST 2020,2803.9,EUR,Nam ut maiores ratione.
Christin,BE12085698822920,BE17889576208931,Thu Apr 30 12:15:50 CEST 2020,-1936.25,EUR,Eum eos consequatur voluptatum nihil.
Christin,BE12085698822920,BE83999533204679,Sun Apr 26 12:15:24 CEST 2020,4990.98,EUR,Autem deleniti exercitationem ad.
Cleo,BE03429828961039,BE47490538530958,Fri May 01 04:31:48 CEST 2020,4120.52,EUR,Dolore fugiat odio.
Moises,BE86662024133117,BE96237458701664,Wed Apr 15 14:03:22 CEST 2020,4959.49,EUR,Harum nostrum ab consequatur accusantium est.
Moises,BE86662024133117,BE74022540374834,Sat May 02 11:24:28 CEST 2020,4614.41,EUR,Quidem distinctio eos laudantium totam officiis.
Moises,BE86662024133117,BE41632098513189,Fri Apr 24 01:00:54 CEST 2020,-2063.8,EUR,Illum qui voluptatem aut occaecati asperiores ut perspiciatis.
Moises,BE86662024133117,BE78600483135974,Sat Apr 25 11:35:53 CEST 2020,-1929.85,EUR,Magnam ratione voluptatibus molestiae.
Moises,BE86662024133117,BE98100974000938,Thu Apr 23 03:27:14 CEST 2020,-4531.8,EUR,Ab voluptatem ducimus qui nihil ipsum quia.
Moises,BE86662024133117,BE20627481248868,Thu Apr 16 08:20:04 CEST 2020,-2516.59,EUR,Laboriosam libero quos facilis eum non rem enim.
Moises,BE86662024133117,BE73743553052779,Sat Apr 18 21:27:07 CEST 2020,-833.9,EUR,Eius non quas autem.
Moises,BE86662024133117,BE67317953860022,Sat May 02 19:28:13 CEST 2020,1357.62,EUR,Voluptates aut aut voluptatem neque aperiam et.
Moises,BE86662024133117,BE34856090284949,Tue Apr 21 23:17:39 CEST 2020,-4591.19,EUR,Dicta voluptas voluptas error.
Jeanine,BE66513670527143,BE56725377675757,Fri May 01 22:55:45 CEST 2020,-2197.89,EUR,Sequi aliquid beatae omnis laudantium enim.
Jeanine,BE66513670527143,BE27872822943185,Sat Apr 25 22:35:30 CEST 2020,2569.86,EUR,Aspernatur et tempore dicta quo.
Jeanine,BE66513670527143,BE83415851283655,Sat Apr 18 22:43:04 CEST 2020,4751.42,EUR,Quam voluptas labore ducimus iure voluptate provident quaerat.
Jeanine,BE66513670527143,BE81967900102871,Fri Apr 10 22:04:15 CEST 2020,-627.55,EUR,Itaque deleniti labore.
Daron,BE86860458959828,BE64414315636645,Fri Apr 10 10:56:50 CEST 2020,-2680.48,EUR,Earum maiores cupiditate rem architecto.
Daron,BE86860458959828,BE55053486480437,Tue Apr 21 01:35:04 CEST 2020,-308.74,EUR,Ea enim ratione culpa quibusdam ipsam sunt quos.
Daron,BE86860458959828,BE11927802629609,Thu Apr 30 23:25:48 CEST 2020,1372.38,EUR,Porro aliquid earum aspernatur qui illum doloribus.
Daron,BE86860458959828,BE26885983085008,Fri May 01 03:21:41 CEST 2020,769.84,EUR,Sapiente velit et soluta totam laudantium perspiciatis.
Daron,BE86860458959828,BE89467309248883,Fri Apr 17 19:57:15 CEST 2020,-2345.78,EUR,Vel iusto voluptatum fuga accusantium eum.
Daron,BE86860458959828,BE08146283273015,Sun Apr 12 05:30:22 CEST 2020,4726.26,EUR,Enim sit accusantium.
Dominick,BE57285306581260,BE94470274735315,Tue Apr 28 17:01:59 CEST 2020,-2130.08,EUR,Eligendi voluptatum et nobis minima.
Dominick,BE57285306581260,BE60077579935636,Mon Apr 27 11:06:36 CEST 2020,4938.9,EUR,Et eum quidem.
Dominick,BE57285306581260,BE94886153441780,Sat May 02 05:03:17 CEST 2020,624.17,EUR,Cupiditate id natus qui consequuntur harum exercitationem ratione.
Dominick,BE57285306581260,BE81129479684184,Mon Apr 13 20:59:41 CEST 2020,-2281.17,EUR,Aut omnis error vero dolorem ad.
Dominick,BE57285306581260,BE34314600757244,Sun Apr 12 23:10:37 CEST 2020,-184.29,EUR,Corporis eum placeat.
Dominick,BE57285306581260,BE79396237628617,Thu Apr 30 23:02:29 CEST 2020,-2974.06,EUR,Delectus neque fuga quidem quidem itaque voluptate.
Dominick,BE57285306581260,BE81513787678914,Fri Apr 24 10:37:07 CEST 2020,-2772.83,EUR,Dolores repellat fugit perferendis natus.
Dominick,BE57285306581260,BE10259963504723,Thu Apr 30 14:09:14 CEST 2020,4018.56,EUR,Dolorem natus et commodi aspernatur ut quasi.
Dominick,BE57285306581260,BE37430362703121,Fri Apr 17 09:34:13 CEST 2020,2759.72,EUR,Doloribus nihil est rerum in quibusdam est voluptates.
Dominick,BE57285306581260,BE45761704468701,Thu Apr 09 16:18:12 CEST 2020,-3234.75,EUR,Quos adipisci aut repellat consequuntur totam.
Stephenie,BE87531369450957,BE18461697571047,Thu Apr 30 21:35:38 CEST 2020,1916.66,EUR,Est eveniet sit.
Stephenie,BE87531369450957,BE94558812059943,Sat Apr 18 20:31:56 CEST 2020,3570.7,EUR,Officiis magni labore perferendis omnis laboriosam doloremque mollitia.
Stephenie,BE87531369450957,BE44888088646806,Sun Apr 26 17:04:31 CEST 2020,-2567.85,EUR,Ea consectetur dicta.
Vickie,BE47207847407010,BE20942282126840,Fri May 01 19:40:12 CEST 2020,-3784.6,EUR,Velit mollitia dicta dolorum.
Vickie,BE47207847407010,BE85179186712924,Sat May 02 03:27:27 CEST 2020,2009.61,EUR,Laboriosam ut est.
Vickie,BE47207847407010,BE42077345335737,Wed Apr 22 07:53:11 CEST 2020,-2003.98,EUR,Temporibus assumenda alias odio asperiores aliquid.
Vickie,BE47207847407010,BE30201416882914,Thu Apr 30 08:05:20 CEST 2020,-4190.02,EUR,Enim qui quis officia dolor quas.
Vickie,BE47207847407010,BE02610315027951,Sat May 02 19:18:41 CEST 2020,-2114.52,EUR,Distinctio maiores saepe ducimus rerum tempore voluptatem qui.
Vickie,BE47207847407010,BE45757919037881,Fri May 01 06:45:16 CEST 2020,955.08,EUR,Sint exercitationem nostrum ad odio.
Vickie,BE47207847407010,BE05428205821300,Sun Apr 26 11:40:10 CEST 2020,-1907.28,EUR,Veritatis error autem debitis in impedit fugiat suscipit.
Vickie,BE47207847407010,BE74833639376694,Wed Apr 22 13:37:20 CEST 2020,-1366.75,EUR,Saepe vel provident quidem adipisci officiis.
Vickie,BE47207847407010,BE77645057178847,Mon Apr 20 16:09:18 CEST 2020,-2638.23,EUR,Asperiores ea nihil corporis non asperiores qui.
Anisha,BE44956284030915,BE90096155076390,Thu Apr 23 22:30:26 CEST 2020,3853.24,EUR,Ad ut quas nobis.
Anisha,BE44956284030915,BE62518779658641,Sat Apr 18 02:23:28 CEST 2020,2798.2,EUR,Voluptatem tempore tenetur.
Anisha,BE44956284030915,BE57710581299328,Tue Apr 28 03:25:01 CEST 2020,1279.98,EUR,Qui distinctio nihil illum sed distinctio porro.
Edison,BE32905571564921,BE28636247879707,Mon Apr 13 11:10:01 CEST 2020,-4284.81,EUR,Voluptatem qui incidunt magni aliquid inventore et.
Edison,BE32905571564921,BE45133478934304,Mon Apr 20 08:15:28 CEST 2020,-2177.79,EUR,Eveniet dolorem ut omnis nihil et iste.
Edison,BE32905571564921,BE70615018883132,Sun Apr 05 15:04:10 CEST 2020,1839.96,EUR,Quaerat debitis dolores et ullam voluptatem.
Edison,BE32905571564921,BE21909693194156,Fri Apr 17 22:58:47 CEST 2020,-568.38,EUR,Delectus delectus et esse voluptatem quasi aut repudiandae.
Xiao,BE25086075701054,BE59525399910732,Sat May 02 17:12:41 CEST 2020,2558.02,EUR,Minima fuga officiis qui vero optio velit.
Xiao,BE25086075701054,BE51361077221411,Sat May 02 13:39:58 CEST 2020,-2921.25,EUR,Ullam odio natus officiis est hic facilis.
Xiao,BE25086075701054,BE17901714277353,Sat May 02 04:28:47 CEST 2020,-3915.09,EUR,Non sint omnis qui officia quo.
Xiao,BE25086075701054,BE44032010821673,Sun Apr 26 11:20:17 CEST 2020,821.69,EUR,Consequuntur excepturi accusamus.
Xiao,BE25086075701054,BE27101759212754,Fri Apr 17 03:37:07 CEST 2020,-1676.77,EUR,Qui qui perferendis sint error omnis.
Xiao,BE25086075701054,BE02442089034915,Fri May 01 19:47:03 CEST 2020,2899.11,EUR,Magni ut et rem consequuntur.
Wanetta,BE40622560735328,BE55062684435015,Thu Apr 16 09:49:22 CEST 2020,-273.31,EUR,Unde distinctio minima inventore explicabo doloribus eum reiciendis.
Wanetta,BE40622560735328,BE06079918687215,Mon Apr 06 01:09:06 CEST 2020,3462.06,EUR,Et cumque mollitia impedit ut occaecati doloremque.
Wanetta,BE40622560735328,BE80446491056083,Mon Apr 27 20:56:29 CEST 2020,-3766.73,EUR,Dolores sit omnis fugiat aliquam ea et.
Wanetta,BE40622560735328,BE30820017775932,Sun Apr 26 16:37:11 CEST 2020,-729.24,EUR,Et ad nostrum sit sed qui.
Wanetta,BE40622560735328,BE18205906494277,Sun Apr 26 21:31:02 CEST 2020,4728.09,EUR,Doloribus veniam et minus.
Roscoe,BE65229792462907,BE96471576250336,Thu Apr 23 17:54:06 CEST 2020,1629.83,EUR,Veniam amet dignissimos eveniet asperiores provident.
Roscoe,BE65229792462907,BE26592542746398,Tue Apr 14 20:18:37 CEST 2020,1442.35,EUR,Quaerat earum natus perspiciatis.
Hien,BE52743387112541,BE55877435580092,Mon Apr 27 02:49:35 CEST 2020,4732.13,EUR,Necessitatibus qui dignissimos.
Hien,BE52743387112541,BE52061040961256,Fri May 01 01:23:44 CEST 2020,-3404.16,EUR,Porro iusto eos tempora.
Hien,BE52743387112541,BE46671388967991,Thu Apr 23 21:19:47 CEST 2020,4731.49,EUR,Totam odio quia omnis.
Hien,BE52743387112541,BE25159119375538,Sat Apr 25 15:43:48 CEST 2020,2728.03,EUR,Nostrum placeat autem et.
Hien,BE52743387112541,BE84252801120585,Fri Apr 24 15:30:56 CEST 2020,-23.94,EUR,Odio aliquid a et dolor inventore accusamus veritatis.
Ladonna,BE20683153500939,BE39372304300678,Sat Apr 18 16:02:53 CEST 2020,547.05,EUR,Est et vitae ut cum.
Ladonna,BE20683153500939,BE91340063732197,Sat Apr 25 13:47:28 CEST 2020,4033.44,EUR,Soluta eaque ab.
Ladonna,BE20683153500939,BE10666564483810,Sun Apr 26 13:48:08 CEST 2020,-4757.28,EUR,Ducimus odio eum vero debitis sed.
Ladonna,BE20683153500939,BE40144334054238,Wed Apr 29 03:59:31 CEST 2020,2937.75,EUR,Recusandae temporibus voluptas fugiat suscipit sint ex.
Ladonna,BE20683153500939,BE93379889176585,Thu Apr 30 01:32:23 CEST 2020,3479.89,EUR,Magni cupiditate quae consectetur id ut et.
Ladonna,BE20683153500939,BE76337785400735,Thu Apr 30 14:26:37 CEST 2020,2230.45,EUR,Accusamus praesentium quisquam quis voluptatum.
Ladonna,BE20683153500939,BE63128761531913,Wed Apr 29 18:04:15 CEST 2020,2249.51,EUR,Qui necessitatibus reprehenderit debitis.
Ladonna,BE20683153500939,BE78985122648574,Wed Apr 22 19:26:59 CEST 2020,4636.96,EUR,Nihil et ad et sit est impedit aliquid.
Ladonna,BE20683153500939,BE12174596359085,Thu Apr 16 13:32:35 CEST 2020,4825.36,EUR,Nihil dolores cum illo omnis voluptas fugiat.
Ladonna,BE20683153500939,BE61762185219910,Thu Apr 23 06:03:34 CEST 2020,-3674.69,EUR,Nobis aperiam modi deserunt quia iusto blanditiis.
Alleen,BE29450841145191,BE92375582548099,Sun Apr 19 13:57:46 CEST 2020,1490.79,EUR,Laboriosam et officia.
Alleen,BE29450841145191,BE50394404371625,Mon Apr 27 04:45:31 CEST 2020,-4056.42,EUR,Officia voluptatum delectus sit.
Alleen,BE29450841145191,BE02539192823848,Thu Apr 30 07:29:16 CEST 2020,2665.35,EUR,Laboriosam necessitatibus ipsum.
Alleen,BE29450841145191,BE08955425808058,Fri May 01 21:16:58 CEST 2020,4462.52,EUR,Similique corrupti ut fuga a esse natus.
Alleen,BE29450841145191,BE31356282609644,Mon Apr 13 14:22:46 CEST 2020,-2662.04,EUR,Optio explicabo animi et quisquam ad deserunt.
Alleen,BE29450841145191,BE09501857556411,Thu Apr 30 19:00:41 CEST 2020,4542.62,EUR,Deleniti ea voluptas beatae accusamus quibusdam quia.
Alleen,BE29450841145191,BE79230384078071,Sat May 02 06:43:15 CEST 2020,2692.64,EUR,Aspernatur facilis sunt commodi occaecati ut ratione.
Kay,BE44009486437511,BE06540907841976,Mon Apr 13 21:36:08 CEST 2020,-4063.17,EUR,Earum et praesentium non sint eos voluptas rem.
Kay,BE44009486437511,BE02463462885393,Sun Apr 26 18:56:51 CEST 2020,1198.75,EUR,Nulla et ullam quis eaque qui consectetur.
Kay,BE44009486437511,BE31102774370741,Sat Apr 18 03:49:16 CEST 2020,1385.17,EUR,Accusantium excepturi quis numquam debitis et.
Kay,BE44009486437511,BE10929183377970,Wed Apr 29 15:01:35 CEST 2020,-3981.89,EUR,Quae consectetur voluptatem deleniti ratione eum eligendi.
Kay,BE44009486437511,BE22018559742538,Wed Apr 29 08:25:26 CEST 2020,76.19,EUR,Est reprehenderit veritatis.
Peter,BE52447343440692,BE78086266340699,Fri May 01 20:39:33 CEST 2020,2204.52,EUR,Iste est numquam.
Peter,BE52447343440692,BE24863736807060,Sat May 02 09:10:45 CEST 2020,-520.5,EUR,Debitis ut possimus illum quo.
Peter,BE52447343440692,BE68809802883049,Fri Apr 24 02:14:23 CEST 2020,1880.31,EUR,Quia illum quia molestias fugiat et sed qui.
Peter,BE52447343440692,BE06963914402060,Sat Apr 25 09:44:33 CEST 2020,1630.29,EUR,Pariatur nobis quia facilis ipsa.
Peter,BE52447343440692,BE96246774778477,Mon Apr 13 14:16:32 CEST 2020,2836.8,EUR,Modi odio dolorum adipisci voluptatum.
Peter,BE52447343440692,BE93431808230742,Sat May 02 12:59:58 CEST 2020,-1976.72,EUR,Perspiciatis quas dolor occaecati ipsa.
Peter,BE52447343440692,BE88193168746636,Sat Apr 25 10:42:09 CEST 2020,-1501.35,EUR,Deleniti nihil est.
Peter,BE52447343440692,BE61499010572689,Thu Apr 16 08:11:36 CEST 2020,1870.07,EUR,Ex rem ab tempora esse dolorem incidunt.
Peter,BE52447343440692,BE07632022033860,Mon Apr 27 13:56:36 CEST 2020,2148.85,EUR,In voluptates pariatur.
Peter,BE52447343440692,BE26935882826048,Sat Apr 25 13:53:04 CEST 2020,-4552.23,EUR,Dolor et commodi dignissimos omnis placeat.
Kieth,BE51644231838810,BE87091649433816,Tue Apr 21 12:34:26 CEST 2020,1506.75,EUR,Mollitia ut fuga consectetur possimus.
Kieth,BE51644231838810,BE74729644950261,Wed Apr 15 04:34:18 CEST 2020,982.89,EUR,Voluptas reiciendis est dolorum modi.
Kieth,BE51644231838810,BE32521132196786,Thu Apr 30 15:57:11 CEST 2020,-1115.19,EUR,Autem dolore ab error in aut et.
Kieth,BE51644231838810,BE76103778771175,Sat May 02 00:36:55 CEST 2020,2057.98,EUR,Numquam beatae soluta.
Kieth,BE51644231838810,BE94574860416809,Sun Apr 19 16:22:02 CEST 2020,-346.35,EUR,Ipsum repellat quod occaecati est minus.
Kieth,BE51644231838810,BE42951517195356,Tue Apr 28 08:13:19 CEST 2020,533.76,EUR,Vero ut et sed aut nihil ea voluptatem.
Kieth,BE51644231838810,BE57488979953984,Tue Apr 21 21:36:26 CEST 2020,-1659.89,EUR,Illum repudiandae repudiandae quae consequatur nesciunt earum qui.
Kieth,BE51644231838810,BE13625422175771,Sat Apr 25 14:37:27 CEST 2020,-486.97,EUR,Neque ipsum ut.
Kamilah,BE38678118899042,BE83551011168821,Fri Apr 24 15:39:55 CEST 2020,2566.44,EUR,Aut quisquam dolores fuga libero.
Kamilah,BE38678118899042,BE08545762246807,Thu Apr 30 19:20:22 CEST 2020,1139.39,EUR,Est aut sunt.
Kamilah,BE38678118899042,BE82646728885196,Sun Apr 19 04:17:56 CEST 2020,-745.0,EUR,Aut quisquam repellendus modi.
Kamilah,BE38678118899042,BE53201955910142,Thu Apr 30 00:44:32 CEST 2020,-3657.76,EUR,Qui veniam culpa odio aut.
Kamilah,BE38678118899042,BE32383475164572,Thu Apr 30 22:57:51 CEST 2020,1286.69,EUR,Praesentium sit perspiciatis illo impedit ut aliquam.
Kamilah,BE38678118899042,BE84027912554172,Sat May 02 15:41:21 CEST 2020,1076.97,EUR,Sunt maxime culpa totam debitis quae.
Kamilah,BE38678118899042,BE80559645081063,Mon Apr 27 17:01:54 CEST 2020,-1724.0,EUR,Excepturi libero sit explicabo qui.
Gerry,BE27630570384268,BE08290352804218,Thu Apr 30 16:10:51 CEST 2020,-4469.03,EUR,Sit consequatur nulla id voluptatum et consequatur.
Gerry,BE27630570384268,BE33864111414690,Sat May 02 12:31:47 CEST 2020,2872.65,EUR,Dolorem vitae voluptatem impedit ut ab.
Gerry,BE27630570384268,BE48692906914358,Sat Apr 25 06:54:00 CEST 2020,4924.06,EUR,Officia iste eaque corporis rem.
Gerry,BE27630570384268,BE70251966947221,Fri Apr 24 13:56:53 CEST 2020,481.8,EUR,In enim sint necessitatibus.
Lucie,BE96500436237707,BE48829746267903,Wed Apr 29 15:53:34 CEST 2020,-2100.85,EUR,Nihil veritatis in quidem et rerum accusantium nihil.
Lucie,BE96500436237707,BE81810291074503,Fri May 01 20:15:34 CEST 2020,-4162.41,EUR,Et rerum perferendis voluptas ut.
Trenton,BE39495220220970,BE55447254028754,Sun Apr 26 07:42:31 CEST 2020,2315.23,EUR,Veniam hic ab aperiam voluptate.
Trenton,BE39495220220970,BE70469083985087,Mon Apr 27 20:17:06 CEST 2020,4810.68,EUR,Quae ut eos.
Trenton,BE39495220220970,BE59665074972850,Mon Apr 20 21:41:38 CEST 2020,3907.18,EUR,Totam voluptate sunt quo itaque.
Trenton,BE39495220220970,BE26512551578446,Wed Apr 29 04:34:36 CEST 2020,1004.21,EUR,Veritatis incidunt sequi non et maxime.
Trenton,BE39495220220970,BE90192142718430,Fri Apr 10 12:08:06 CEST 2020,-3434.63,EUR,Aperiam consequatur omnis quibusdam nostrum omnis est.
Trenton,BE39495220220970,BE56692626221337,Fri Apr 24 03:39:02 CEST 2020,3245.42,EUR,Et vel alias error beatae.
Trenton,BE39495220220970,BE08733370525315,Sun Apr 26 19:04:10 CEST 2020,-2054.13,EUR,Quia velit similique.
Trenton,BE39495220220970,BE03693500970134,Sat Apr 25 01:21:31 CEST 2020,1323.39,EUR,Id sunt id.
Trenton,BE39495220220970,BE77587561480230,Tue Apr 28 22:00:45 CEST 2020,2607.38,EUR,A hic voluptas voluptas placeat quas officiis accusamus.
Saul,BE34912014178785,BE11725182088192,Tue Apr 28 13:36:36 CEST 2020,-2744.94,EUR,Magni temporibus dolore facere quod.
Saul,BE34912014178785,BE52227628131920,Sat May 02 11:10:28 CEST 2020,1612.42,EUR,Blanditiis dolores ratione reiciendis et sit.
Tyson,BE98950866430854,BE34627226001264,Thu Apr 23 16:15:50 CEST 2020,-2810.9,EUR,Praesentium dignissimos doloribus quia quaerat iure distinctio.
Tyson,BE98950866430854,BE38986038528047,Sun Apr 26 23:40:12 CEST 2020,659.87,EUR,Sint rerum error.
Tyson,BE98950866430854,BE14022631662517,Sat Apr 18 12:23:41 CEST 2020,-3181.24,EUR,Cumque necessitatibus libero eos similique pariatur labore vel.
Asa,BE11187330583026,BE07021811876746,Fri Apr 24 17:04:43 CEST 2020,2233.3,EUR,Provident nesciunt nulla rerum debitis.
Asa,BE11187330583026,BE69095296251572,Tue Apr 28 22:27:08 CEST 2020,-4257.48,EUR,Optio cumque non aliquam occaecati et incidunt temporibus.
Asa,BE11187330583026,BE45452397616312,Tue Apr 28 09:37:51 CEST 2020,2947.0,EUR,Est aut ea et.
Asa,BE11187330583026,BE02551018114994,Tue Apr 28 19:04:37 CEST 2020,4226.17,EUR,Sint alias qui sit.
Asa,BE11187330583026,BE68462178040829,Wed Apr 15 00:34:47 CEST 2020,2314.87,EUR,Dicta quam sunt sed.
Asa,BE11187330583026,BE65254768915889,Sun Apr 19 13:52:36 CEST 2020,-4704.47,EUR,Ea laboriosam nobis numquam quod quia vitae.
Ardelle,BE86075965163461,BE68697705511564,Thu Apr 23 15:35:32 CEST 2020,920.01,EUR,Qui provident qui qui voluptas.
Ardelle,BE86075965163461,BE45612187652238,Thu Apr 23 15:17:51 CEST 2020,4690.15,EUR,Dignissimos veniam quo repellendus exercitationem sed quaerat.
Ardelle,BE86075965163461,BE93107350653473,Tue Apr 28 07:20:13 CEST 2020,-3156.71,EUR,Nihil id beatae repudiandae tempore.
Elvis,BE67872888841549,BE24314183936202,Wed Apr 29 11:00:47 CEST 2020,-3381.78,EUR,Harum rerum ad.
Elvis,BE67872888841549,BE83663317042485,Tue Apr 28 10:53:12 CEST 2020,416.71,EUR,Expedita velit quo at earum et facilis at.
Elvis,BE67872888841549,BE81459057887282,Tue Apr 28 04:53:51 CEST 2020,210.52,EUR,Harum ut dicta id.
Elvis,BE67872888841549,BE38016619446885,Mon Apr 27 02:53:55 CEST 2020,-205.2,EUR,Error rerum fugit repellat ut temporibus quo facilis.
Dwain,BE81914368593755,BE31853332591590,Sat Apr 25 04:38:28 CEST 2020,-702.56,EUR,Voluptates id dolorum dolores fugiat accusamus.
Dwain,BE81914368593755,BE28487590677244,Wed Apr 29 16:24:34 CEST 2020,1640.88,EUR,Dignissimos veniam eius.
Dwain,BE81914368593755,BE40239793817428,Tue Apr 21 14:18:24 CEST 2020,1679.57,EUR,Hic aliquam quia in.
Dwain,BE81914368593755,BE30221353576348,Sun Apr 26 16:29:12 CEST 2020,-3520.09,EUR,Fuga quis voluptatibus.
Dwain,BE81914368593755,BE54451385441423,Wed Apr 22 02:30:55 CEST 2020,-1731.11,EUR,Rem sed facilis numquam et veritatis.
Dwain,BE81914368593755,BE33510500474132,Sat Apr 11 03:43:11 CEST 2020,-1377.19,EUR,Odit dolorem facere dolore dolorem cumque.
Dwain,BE81914368593755,BE77459349557139,Wed Apr 29 09:38:59 CEST 2020,792.1,EUR,Incidunt inventore voluptatibus.
Dwain,BE81914368593755,BE56599658067562,Mon Apr 20 11:11:13 CEST 2020,3936.54,EUR,Doloremque fuga tempora error qui dolore modi nobis.
Particia,BE02173166902081,BE83738379445952,Sat May 02 09:00:48 CEST 2020,2201.34,EUR,Aliquam quo culpa architecto sapiente sit alias reiciendis.
Particia,BE02173166902081,BE67584559363196,Wed Apr 29 13:24:22 CEST 2020,1910.07,EUR,Minus ea harum repellat ut nesciunt non.
Particia,BE02173166902081,BE59818951384085,Thu Apr 30 15:09:05 CEST 2020,4557.83,EUR,Eveniet quibusdam fuga nihil.
Particia,BE02173166902081,BE93939652569016,Fri May 01 08:29:30 CEST 2020,-1147.88,EUR,Amet magnam et aut neque nesciunt molestiae molestiae.
Particia,BE02173166902081,BE78377264667352,Sun Apr 26 16:42:46 CEST 2020,327.78,EUR,Totam iste molestiae et et fugiat.
Luther,BE49025116496531,BE03923166995194,Wed Apr 08 23:09:36 CEST 2020,1835.73,EUR,Ducimus consequatur consequatur.
Luther,BE49025116496531,BE20484834473895,Sun Apr 19 20:08:12 CEST 2020,-1213.2,EUR,Modi consequatur illum.
Luther,BE49025116496531,BE08691406118565,Mon Apr 27 16:51:33 CEST 2020,2294.75,EUR,Quas et quaerat non temporibus.
Luther,BE49025116496531,BE37397713145067,Sat May 02 10:22:41 CEST 2020,-122.35,EUR,Nisi ut aut magni quos nostrum quod.
Luther,BE49025116496531,BE03252228696525,Sat May 02 21:04:38 CEST 2020,-4324.08,EUR,Corrupti eaque occaecati nihil.
Luther,BE49025116496531,BE33484445687185,Fri Apr 10 10:12:55 CEST 2020,-2244.11,EUR,Est ea qui magni modi rerum.
Luther,BE49025116496531,BE49228656648679,Tue Apr 28 13:14:24 CEST 2020,-2686.51,EUR,Enim a ut labore autem similique.
Luther,BE49025116496531,BE70226866655600,Mon Apr 20 21:41:16 CEST 2020,2149.53,EUR,Excepturi asperiores quia adipisci tempore neque rerum.
Luther,BE49025116496531,BE24315135050399,Fri May 01 09:56:55 CEST 2020,-3988.97,EUR,Ducimus odio nihil qui eos.
Luther,BE49025116496531,BE71002211739374,Sat May 02 14:07:26 CEST 2020,3624.67,EUR,Et qui eum autem non.
Rebbecca,BE03352359188098,BE44877485754219,Mon Apr 27 23:33:03 CEST 2020,-4618.52,EUR,Qui quaerat quia ea nihil qui voluptatibus.
Rebbecca,BE03352359188098,BE05318877999247,Thu Apr 16 05:31:10 CEST 2020,193.02,EUR,Voluptatem quas vitae molestias.
Rebbecca,BE03352359188098,BE85603699447104,Tue Apr 28 01:34:08 CEST 2020,-2641.54,EUR,Ullam expedita iste.
Rebbecca,BE03352359188098,BE79464351902490,Wed Apr 29 23:15:12 CEST 2020,2633.53,EUR,Quidem at ea labore quia voluptatem.
Rebbecca,BE03352359188098,BE83402260112553,Thu Apr 16 08:37:25 CEST 2020,996.88,EUR,Maiores modi culpa voluptas voluptas sed quae aliquam.
Rebbecca,BE03352359188098,BE91388970974087,Mon Apr 27 00:41:19 CEST 2020,2254.7,EUR,Consequatur numquam saepe rerum.
Maurita,BE75304280047783,BE03974333298990,Sat Apr 11 22:41:28 CEST 2020,1826.24,EUR,Veritatis autem asperiores.
Maurita,BE75304280047783,BE76276300437535,Thu Apr 16 20:46:44 CEST 2020,4402.39,EUR,Labore consequatur dolore ducimus voluptatem blanditiis quos debitis.
Maurita,BE75304280047783,BE46609253544422,Sat May 02 10:30:05 CEST 2020,1736.93,EUR,Quaerat dolorem eius.
Maurita,BE75304280047783,BE19128650352663,Mon Apr 20 14:09:59 CEST 2020,4399.17,EUR,Quis molestiae saepe est.
Maurita,BE75304280047783,BE19892280736608,Mon Apr 27 19:20:40 CEST 2020,4647.41,EUR,Tempora aliquam quas nemo at aliquam pariatur.
Maurita,BE75304280047783,BE28056243082213,Tue Apr 28 17:41:05 CEST 2020,2267.88,EUR,Non ipsam qui ipsa ut id aut omnis.
Maurita,BE75304280047783,BE55295938186174,Mon Apr 27 23:23:49 CEST 2020,-3580.15,EUR,Harum qui illum inventore atque doloremque.
Maurita,BE75304280047783,BE68139484909371,Wed Apr 29 13:47:28 CEST 2020,-1063.62,EUR,Vero nemo beatae assumenda voluptatibus dolores.
Maurita,BE75304280047783,BE57247547325009,Wed Apr 22 07:02:56 CEST 2020,-3057.46,EUR,Repudiandae neque aut consequuntur.
Lynna,BE97351752731251,BE18268250462802,Mon Apr 20 02:38:18 CEST 2020,2271.96,EUR,Autem beatae earum et voluptatibus.
Lynna,BE97351752731251,BE68350283592665,Sun Apr 26 20:50:02 CEST 2020,-1181.59,EUR,In non consequatur cum iusto quos.
Lynna,BE97351752731251,BE04624586596496,Mon Apr 27 08:36:01 CEST 2020,-4629.16,EUR,Rem dolorem voluptatem ducimus ex.
Kerry,BE86167866207335,BE32393502540445,Tue Apr 21 18:45:01 CEST 2020,2757.71,EUR,Repudiandae eum vel ullam reiciendis excepturi.
Kerry,BE86167866207335,BE81445954533642,Tue Apr 21 11:24:34 CEST 2020,1229.98,EUR,Qui earum sit eum modi expedita quia dolorum.
Kerry,BE86167866207335,BE76317215976592,Mon Apr 13 19:16:35 CEST 2020,4505.02,EUR,Ex voluptatem consectetur eum ipsam deleniti.
Kerry,BE86167866207335,BE85667401295640,Sat May 02 15:51:44 CEST 2020,3869.65,EUR,Culpa est voluptas molestiae fugit voluptas.
Kerry,BE86167866207335,BE07165737556367,Wed Apr 29 05:20:04 CEST 2020,3358.7,EUR,Aut assumenda expedita est.
Kerry,BE86167866207335,BE25492848491585,Mon Apr 20 10:04:17 CEST 2020,2330.73,EUR,Dolores ipsam ipsa maxime et adipisci nisi labore.
Jacob,BE90472621434077,BE81683868675700,Thu Apr 23 00:56:02 CEST 2020,1070.92,EUR,Quae id odit nihil quas non sit fugiat.
Jacob,BE90472621434077,BE51665430668308,Sat Apr 25 16:47:17 CEST 2020,2852.51,EUR,Architecto voluptatem at atque.
Jacob,BE90472621434077,BE57836856193917,Fri Apr 24 12:57:52 CEST 2020,-4292.25,EUR,Temporibus alias suscipit distinctio minus.
Jacob,BE90472621434077,BE24923301534786,Thu Apr 16 23:50:12 CEST 2020,-2770.09,EUR,Aut animi molestiae.
Jacob,BE90472621434077,BE93781020300840,Thu Apr 30 19:22:28 CEST 2020,-917.79,EUR,Tenetur ex numquam laudantium enim consequuntur molestias.
Jacob,BE90472621434077,BE12535100121874,Wed Apr 29 16:53:53 CEST 2020,-4812.41,EUR,Cum non enim iure dolor.
Jacob,BE90472621434077,BE63941729176111,Thu Apr 30 19:37:58 CEST 2020,-732.93,EUR,Non et est quas.
Jacob,BE90472621434077,BE19826575572777,Sat May 02 15:58:37 CEST 2020,-1797.47,EUR,Minus blanditiis tempora quae in voluptatem veniam perspiciatis.
Wilson,BE43433059952719,BE59324062883888,Thu Apr 30 18:58:44 CEST 2020,2387.66,EUR,Et deleniti consequatur in impedit quas voluptate.
Wilson,BE43433059952719,BE35049951446165,Sat May 02 02:30:31 CEST 2020,3939.9,EUR,Aut illum perferendis est.
Wilson,BE43433059952719,BE80842522596040,Fri Apr 24 22:29:16 CEST 2020,-1829.59,EUR,Eos culpa aut ipsam ullam et corporis.
Wilson,BE43433059952719,BE08925387533848,Fri May 01 21:35:22 CEST 2020,-4671.2,EUR,Itaque at qui.
Wilson,BE43433059952719,BE81230654448269,Sat May 02 05:52:24 CEST 2020,-1169.08,EUR,At adipisci sint et.
Wilson,BE43433059952719,BE69895014677410,Sat May 02 00:37:18 CEST 2020,994.86,EUR,Dignissimos ut facere.
Wilson,BE43433059952719,BE96092500915271,Mon Apr 13 22:55:08 CEST 2020,3694.26,EUR,Consequatur qui ut atque quasi quo.
Wilson,BE43433059952719,BE49909940859775,Mon Apr 27 14:24:41 CEST 2020,-2376.65,EUR,Nisi id dignissimos ipsa assumenda laborum.
Wilson,BE43433059952719,BE12202030259828,Wed Apr 22 02:30:26 CEST 2020,3093.14,EUR,Architecto laudantium fuga molestias et excepturi.
Katy,BE78626118623543,BE68951804338556,Fri May 01 02:35:51 CEST 2020,2058.44,EUR,Consequatur quia necessitatibus enim.
Katy,BE78626118623543,BE23280439375721,Sat May 02 07:45:54 CEST 2020,-956.65,EUR,Id atque dolores.
Katy,BE78626118623543,BE53561471997882,Sun Apr 19 06:00:13 CEST 2020,1318.24,EUR,Ipsam adipisci et quia fugiat.
Katy,BE78626118623543,BE92275649404287,Sat May 02 05:49:58 CEST 2020,4589.11,EUR,Quibusdam quis magnam voluptas optio recusandae.
Katy,BE78626118623543,BE25117415345500,Sat May 02 04:50:52 CEST 2020,-3677.27,EUR,Sit aliquam vel molestiae id.
Katy,BE78626118623543,BE57825254940858,Mon Apr 13 02:33:20 CEST 2020,-2081.67,EUR,Provident labore vero aut asperiores illum commodi.
Katy,BE78626118623543,BE43686719311996,Thu Apr 30 10:42:25 CEST 2020,4889.44,EUR,Similique quo incidunt quis dignissimos assumenda doloribus.
Bridgett,BE30447581968162,BE48970741522525,Tue Apr 28 16:42:42 CEST 2020,-2390.19,EUR,Quo at aut animi vel minus.
Bridgett,BE30447581968162,BE25821957220115,Thu Apr 23 07:26:07 CEST 2020,4162.69,EUR,Architecto consequatur sint iusto sint delectus enim.
Bridgett,BE30447581968162,BE05500635443104,Fri May 01 06:04:40 CEST 2020,910.2,EUR,Voluptatum deleniti nemo corrupti officia ab quod.
Bridgett,BE30447581968162,BE54208512555769,Wed Apr 29 04:44:40 CEST 2020,-4447.74,EUR,Temporibus minima ut qui impedit error dolorem voluptate.
Bridgett,BE30447581968162,BE40902872240629,Tue Apr 28 13:07:44 CEST 2020,-2031.8,EUR,Et molestiae perspiciatis dolorem quo reiciendis.
Bridgett,BE30447581968162,BE96853653842295,Thu Apr 30 10:59:52 CEST 2020,-622.7,EUR,Amet praesentium perferendis tempora.
Bridgett,BE30447581968162,BE41739344672174,Sun Apr 26 07:27:50 CEST 2020,2114.4,EUR,Aspernatur vero et.
Bridgett,BE30447581968162,BE52292578314099,Sun Apr 26 04:24:51 CEST 2020,-319.85,EUR,Veritatis et laudantium.
Bridgett,BE30447581968162,BE12899219007442,Thu Apr 30 20:34:56 CEST 2020,-2576.61,EUR,Autem sed sunt.
Bridgett,BE30447581968162,BE04487042062166,Wed Apr 15 13:21:55 CEST 2020,943.27,EUR,Consequatur itaque enim aut rerum.
Shea,BE02923400678300,BE42333202311979,Wed Apr 15 16:02:16 CEST 2020,-1920.11,EUR,Sapiente enim neque laudantium dolore est eum et.
Shea,BE02923400678300,BE69487957820148,Thu Apr 30 23:29:04 CEST 2020,-4105.47,EUR,Voluptate perferendis nihil id exercitationem est sequi illum.
Bambi,BE27615324756431,BE66249336195355,Fri May 01 06:05:27 CEST 2020,4234.46,EUR,Repellendus repellat eos saepe qui ut.
Bambi,BE27615324756431,BE38142450686851,Sat May 02 16:57:48 CEST 2020,993.39,EUR,Quis sit quo minima.
Bambi,BE27615324756431,BE32086143198087,Tue Apr 28 09:19:41 CEST 2020,-3900.38,EUR,Vitae deleniti rem voluptatibus quos illum.
Bambi,BE27615324756431,BE60301589661000,Sat May 02 06:38:10 CEST 2020,1546.65,EUR,Velit assumenda amet.
Bambi,BE27615324756431,BE06481911413485,Sat Apr 25 15:12:12 CEST 2020,-4874.25,EUR,Ad sit nihil quidem aut.
Bambi,BE27615324756431,BE33552026720339,Thu Apr 16 14:04:51 CEST 2020,-1713.64,EUR,Dolorum est eius et magni a voluptates.
Bambi,BE27615324756431,BE12150691912952,Sun Apr 26 14:22:40 CEST 2020,-3361.2,EUR,In qui debitis.
Bambi,BE27615324756431,BE85840202050303,Sat Apr 25 00:42:51 CEST 2020,-1959.47,EUR,Mollitia a quis aliquid itaque rerum libero.
Bambi,BE27615324756431,BE61399736697913,Mon Apr 27 00:13:54 CEST 2020,4925.76,EUR,Est tempore expedita et cumque.
Renna,BE47090115159540,BE42439278140841,Wed Apr 22 14:02:29 CEST 2020,1479.56,EUR,Beatae nostrum in.
Renna,BE47090115159540,BE79678324736378,Sun Apr 26 00:54:22 CEST 2020,-4643.07,EUR,Alias et repellat.
Renna,BE47090115159540,BE83670932666424,Sat Apr 25 06:40:21 CEST 2020,-1023.63,EUR,Deleniti enim in.
Renna,BE47090115159540,BE65114892494381,Mon Apr 20 08:01:00 CEST 2020,1412.86,EUR,Sequi aut nemo nam placeat quia eos.
Renna,BE47090115159540,BE33080447737533,Sat May 02 17:59:47 CEST 2020,-2665.64,EUR,Dolore qui corporis numquam id aut nesciunt.
Dudley,BE60806877215268,BE50558450730885,Sat May 02 18:33:51 CEST 2020,-3715.4,EUR,Culpa rem esse.
Chas,BE08586817597105,BE47435213252931,Fri Apr 24 18:21:21 CEST 2020,1021.79,EUR,Vero consequatur et praesentium suscipit quas quo.
Chas,BE08586817597105,BE86679637262652,Sat Apr 25 20:57:01 CEST 2020,-3150.9,EUR,Saepe esse magni aut laboriosam doloribus.
Chas,BE08586817597105,BE86619623281851,Thu Apr 23 06:11:48 CEST 2020,4795.32,EUR,Error quia non fuga.
Blake,BE49423450103926,BE84726190222428,Sat May 02 09:04:52 CEST 2020,326.33,EUR,Id ab veniam esse.
Blake,BE49423450103926,BE49884603473382,Fri May 01 04:05:52 CEST 2020,-134.31,EUR,Ipsa numquam dolor reprehenderit.
Blake,BE49423450103926,BE49577671249087,Tue Apr 14 15:21:59 CEST 2020,1321.38,EUR,Delectus dolorem saepe odio hic et temporibus et.
Blake,BE49423450103926,BE18039996063319,Sat Apr 11 04:30:43 CEST 2020,-2535.22,EUR,Et veniam a ex quis quos.
Blake,BE49423450103926,BE80802949503906,Sat May 02 00:55:34 CEST 2020,-2408.55,EUR,Id quod ut eveniet reiciendis aperiam.
Blake,BE49423450103926,BE75087390491310,Sat Apr 25 13:48:49 CEST 2020,4950.22,EUR,Non dicta qui harum neque odit est.
Blake,BE49423450103926,BE96007471086781,Tue Apr 21 05:44:52 CEST 2020,-1775.1,EUR,Quod rerum voluptas.
Blake,BE49423450103926,BE51704556986784,Sat May 02 02:23:11 CEST 2020,4126.77,EUR,Quo illum qui ut et aut dolores autem.
Blake,BE49423450103926,BE45894670943016,Sun Apr 26 13:18:52 CEST 2020,-582.32,EUR,Vel consectetur cupiditate ea illo quis.
Blake,BE49423450103926,BE61693034280750,Tue Apr 21 21:31:08 CEST 2020,1205.82,EUR,Omnis minus assumenda qui quis.
Ervin,BE45159784492635,BE94885619089441,Wed Apr 22 07:50:13 CEST 2020,-2675.83,EUR,Incidunt et velit maiores esse iure deserunt enim.
Ervin,BE45159784492635,BE70478100605828,Mon Apr 13 17:03:58 CEST 2020,1470.79,EUR,Et aliquid rerum.
Judie,BE34159401251362,BE54660646488865,Thu Apr 30 00:37:36 CEST 2020,1588.82,EUR,Unde alias dolorum voluptas molestias veritatis repellat.
Judie,BE34159401251362,BE13160002106503,Tue Apr 21 07:08:08 CEST 2020,-1556.39,EUR,Possimus sint perspiciatis ea similique magni ipsam non.
Sona,BE53887519865416,BE21034715260172,Fri May 01 01:51:28 CEST 2020,3829.2,EUR,Eveniet amet accusamus sed et.
Milan,BE76419310957464,BE67151281851897,Fri May 01 17:53:00 CEST 2020,-624.27,EUR,Sed magni vero rerum officiis dolore quis velit.
Milan,BE76419310957464,BE10756032100033,Wed Apr 29 16:59:12 CEST 2020,-1143.03,EUR,Tempore non rerum voluptas quam deserunt.
Milan,BE76419310957464,BE93489805428477,Thu Apr 23 19:16:30 CEST 2020,3883.39,EUR,Non eius id repellendus.
Milan,BE76419310957464,BE35393545493834,Mon Apr 20 17:42:18 CEST 2020,4295.97,EUR,Temporibus soluta veniam cupiditate id inventore et culpa.
Milan,BE76419310957464,BE18251126054963,Thu Apr 30 19:19:56 CEST 2020,2806.15,EUR,Soluta consequuntur enim.
Milan,BE76419310957464,BE57627605738293,Fri Apr 10 06:51:59 CEST 2020,2137.8,EUR,Eum est tempora ipsam impedit vitae saepe.
Milan,BE76419310957464,BE17720736666936,Fri May 01 10:57:26 CEST 2020,-1230.7,EUR,Ipsum distinctio optio earum recusandae.
Milan,BE76419310957464,BE78901636667913,Thu Apr 30 18:42:04 CEST 2020,-1177.65,EUR,Reprehenderit pariatur minus consequuntur.
Milan,BE76419310957464,BE41017386025706,Tue Apr 28 11:31:05 CEST 2020,-4122.59,EUR,Sint debitis iure quaerat omnis.
Markus,BE77534787406769,BE94010587759867,Sat Apr 18 09:01:17 CEST 2020,-1907.98,EUR,Eius perferendis fugit blanditiis recusandae facilis incidunt placeat.
Markus,BE77534787406769,BE18491834986047,Sat May 02 20:49:07 CEST 2020,2757.69,EUR,Harum fugit doloremque minus omnis neque dignissimos.
Markus,BE77534787406769,BE56449884341846,Thu Apr 30 09:00:30 CEST 2020,-3609.91,EUR,Dolor eaque eveniet nam perferendis voluptatibus voluptates doloremque.
Markus,BE77534787406769,BE87985415064806,Wed Apr 29 02:59:12 CEST 2020,3515.61,EUR,Laboriosam numquam ullam totam sunt illo aut eum.
Markus,BE77534787406769,BE07379538200026,Thu Apr 16 07:44:09 CEST 2020,-1905.01,EUR,Maiores et commodi consequatur eligendi vel.
Sumiko,BE40575660472229,BE17373595614350,Wed Apr 22 19:03:14 CEST 2020,-4094.42,EUR,Fugiat dolor totam minima iusto vitae dignissimos ea.
Dinorah,BE18787428301543,BE70558598033367,Wed Apr 22 07:14:42 CEST 2020,-3272.22,EUR,Consequatur molestias sit ducimus vitae.
Dinorah,BE18787428301543,BE24714872838621,Thu Apr 30 07:01:24 CEST 2020,-3262.17,EUR,Quod corrupti ullam earum et rerum dolor alias.
Dinorah,BE18787428301543,BE29306289882403,Sat Apr 25 14:34:16 CEST 2020,4142.3,EUR,Perferendis consequatur accusamus.
Dinorah,BE18787428301543,BE42726751309305,Wed Apr 29 20:15:50 CEST 2020,2888.19,EUR,Non sequi animi hic.
Dinorah,BE18787428301543,BE45613897894255,Sun Apr 19 02:25:39 CEST 2020,1350.28,EUR,Nemo est nulla in.
Darrell,BE44256933154853,BE41671794093625,Tue Apr 21 01:42:29 CEST 2020,-3273.24,EUR,Porro et exercitationem eum deleniti excepturi.
Darrell,BE44256933154853,BE70273464434190,Tue Apr 21 19:11:14 CEST 2020,1237.88,EUR,Consequuntur ullam dolorum et molestiae ducimus fuga.
Darrell,BE44256933154853,BE17057801658041,Mon Apr 27 16:57:20 CEST 2020,-750.65,EUR,Harum eos autem et sunt totam ut quia.
Darrell,BE44256933154853,BE93082423732183,Sat May 02 06:25:02 CEST 2020,43.42,EUR,Necessitatibus impedit provident deleniti similique est quia omnis.
Darrell,BE44256933154853,BE56530058503596,Sun Apr 26 21:22:20 CEST 2020,3217.44,EUR,Nesciunt sapiente ipsa sed quo.
Darrell,BE44256933154853,BE69918172634047,Fri May 01 10:30:16 CEST 2020,-673.34,EUR,Harum qui sequi ipsa eum aliquid.
Issac,BE34414282110978,BE33853559855667,Mon Apr 27 21:53:50 CEST 2020,1253.51,EUR,Magnam error accusantium in molestias fugit.
Issac,BE34414282110978,BE13812530225958,Wed Apr 29 05:16:50 CEST 2020,2547.24,EUR,Numquam laboriosam dolores nam temporibus cupiditate qui autem.
Issac,BE34414282110978,BE71920883413956,Wed Apr 29 16:29:26 CEST 2020,-1593.34,EUR,Perferendis dolorum tenetur dignissimos autem a.
Issac,BE34414282110978,BE48177651483726,Mon Apr 27 07:29:57 CEST 2020,-2282.58,EUR,Voluptas quia nam.
Issac,BE34414282110978,BE67070358041652,Thu Apr 30 03:05:56 CEST 2020,-895.99,EUR,Et quasi est quia.
Issac,BE34414282110978,BE64601799013685,Mon Apr 20 11:22:04 CEST 2020,-182.36,EUR,Earum dicta beatae adipisci praesentium.
Issac,BE34414282110978,BE41064694156830,Tue Apr 21 05:03:47 CEST 2020,1987.4,EUR,Neque quae non quibusdam rerum maxime dicta.
Issac,BE34414282110978,BE45794263925104,Wed Apr 22 07:02:36 CEST 2020,2540.04,EUR,Doloribus qui dolorem.
Eve,BE89820208730816,BE77096020353712,Tue Apr 28 15:24:45 CEST 2020,-2291.15,EUR,Quaerat omnis et quis porro amet voluptas.
Eve,BE89820208730816,BE28724207185118,Wed Apr 29 10:52:47 CEST 2020,-1100.26,EUR,Sunt sit ut itaque omnis autem voluptatem nihil.
Eve,BE89820208730816,BE09981968130373,Sat Apr 25 00:36:53 CEST 2020,-2069.12,EUR,Dolor qui fuga.
Teresia,BE07592613703792,BE81105677733295,Sat Apr 18 14:58:47 CEST 2020,4430.85,EUR,Omnis officiis a eaque nihil similique est ipsum.
Teresia,BE07592613703792,BE51376178877774,Tue Apr 28 08:40:07 CEST 2020,-1670.85,EUR,Aperiam aut qui neque odit architecto culpa aut.
Teresia,BE07592613703792,BE46403609858325,Sun Apr 19 08:09:14 CEST 2020,-4935.73,EUR,Et facere pariatur iste facere.
Teresia,BE07592613703792,BE24921388745420,Sun Apr 26 01:15:00 CEST 2020,3854.55,EUR,Sapiente itaque quia nisi iste eveniet rerum.
Regena,BE14309177935065,BE93389145974273,Sat May 02 13:36:31 CEST 2020,-4139.82,EUR,Accusamus velit fuga doloremque.
Regena,BE14309177935065,BE15568273425069,Sat Apr 11 07:29:20 CEST 2020,-1798.8,EUR,Iusto aut illo facere vitae doloremque quia.
Regena,BE14309177935065,BE63006701561349,Fri May 01 05:28:46 CEST 2020,614.14,EUR,Aliquam vel quaerat repellat odio molestiae.
Regena,BE14309177935065,BE59804005239674,Tue Apr 21 14:48:20 CEST 2020,901.83,EUR,Et neque rerum omnis omnis.
Regena,BE14309177935065,BE96299520387579,Sat Apr 25 07:13:38 CEST 2020,4868.44,EUR,Inventore placeat adipisci et in.
Regena,BE14309177935065,BE42605755298179,Sat May 02 12:41:32 CEST 2020,3086.57,EUR,Ducimus quidem aperiam vero beatae.
Regena,BE14309177935065,BE89505599515435,Mon Apr 27 11:03:44 CEST 2020,-4670.9,EUR,Fugiat quod reiciendis in est distinctio et.
Regena,BE14309177935065,BE34414053492357,Fri May 01 01:59:33 CEST 2020,2876.49,EUR,Rerum quia nostrum.
Regena,BE14309177935065,BE18139187838653,Tue Apr 14 06:32:11 CEST 2020,882.47,EUR,Est nam voluptatem voluptatem consequatur non asperiores.
Regena,BE14309177935065,BE57382468539541,Fri May 01 02:39:30 CEST 2020,4080.56,EUR,Voluptatem tempora reiciendis voluptatem aliquid dolor labore.
Marcellus,BE55220070932773,BE89870446092384,Mon Apr 20 00:34:28 CEST 2020,353.59,EUR,Voluptatem ut tempora incidunt eos.
Marcellus,BE55220070932773,BE55854409454215,Sat Apr 11 02:01:02 CEST 2020,2160.38,EUR,Nobis saepe in.
Jonnie,BE15710200299410,BE74204279853321,Wed Apr 15 04:08:31 CEST 2020,-2506.02,EUR,Sunt et qui et.
Jonnie,BE15710200299410,BE45243433483445,Tue Apr 28 06:36:32 CEST 2020,-1387.31,EUR,Qui officiis blanditiis officiis illo.
Jonnie,BE15710200299410,BE75653359674178,Fri May 01 09:28:09 CEST 2020,4181.93,EUR,Et et itaque deleniti ratione.
Jonnie,BE15710200299410,BE19643886368745,Tue Apr 28 07:33:27 CEST 2020,4468.4,EUR,Expedita et autem in.
Jonnie,BE15710200299410,BE07984647092705,Wed Apr 29 19:49:18 CEST 2020,1406.1,EUR,Recusandae perspiciatis asperiores.
 Mar 08 21:23:47 CET 2020,-3930.21,EUR,Dolorem mollitia inventore non voluptas id officiis.
